S/No,Zone / State Office,Stakeholder Type,State/City,Notes,Office Address,MANDATE (Applies to all Zonal & State Mines Offices),VALUE CHAIN ROLE
1,North-Central Zonal Mines Office,MMSD Zonal Office,"Jos, Plateau State",HQ for North-Central oversight,"No. 2, Club Road. Jos, Plateau State","Enforce mining laws, operational standards, environmental obligations, and safety regulations under the Nigerian Minerals and Mining Act (2007).

Monitor and document mineral production from mine sites.

Regulate artisanal, small-scale and large-scale mining activities at state and zonal levels.

Conduct field inspections, audits, and compliance assessments across all mine/quarry operations.","Regulation & Compliance Enforcement

Mine Health & Safety Oversight

Environmental Monitoring

Production Verification & Data Collection

Field Operations / Day-to-Day Supervision

These offices implement federal mining regulations directly at state level."
2,North-East Zonal Mines Office,MMSD Zonal Office,"Maiduguri, Borno State",HQ for North-East oversight,"No. 2, Nursery Rd. Beside Lake Chad Hotel, Maiduguri. Borno State",,
3,North-West Zonal Mines Office,MMSD Zonal Office,"Kaduna, Kaduna State",HQ for North-West oversight,"No. 1 & 2, Aliu Makama Road. Barnawa, Kaduna State",,
4,South-West Zonal Mines Office,MMSD Zonal Office,"Ibadan, Oyo State",HQ for South-West oversight,"Federal Sec. Complex, Ikolaba P.M.B 5028, Ibadan. Oyo State.",,
5,South-South Zonal Mines Office,MMSD Zonal Office,"Benin City, Edo State",HQ for South-South oversight,"Federal Sec. Complex, Auchi-Benin Road, Aduwawa, Benin city, Edo State.",,
6,South-East Zonal Mines Office,MMSD State Office,"Enugu, Enugu State",HQ for South-East oversight,"No. 11, Leck Avenue, State Sec. Enugu, Enugu State.",,
7,Adamawa Mines Office,MMSD State Office,"Yola, Adamawa State",,"Federal Sec. Complex, Yola road, Yola, Adamawa State.",,
8,Akwa Ibom Mines Office,MMSD State Office,"Uyo, Akwa Ibom State",,"Federal Sec. Complex, Abak Road, Uyo, Akwa Ibom State.",,
9,Abia Mines Office,MMSD State Office,"Umuahia, Abia State",,"Plot 55 Government Station Layout, Ehimiri, Umuahia, Abia State",,
10,Anambra Mines Office,MMSD State Office,"Awka, Anambra State",,"No. 203, Zip Avenue, Amawbia Awka South, Opposite St. Augustine Anglican Church Umuokpu, Awka, Anambra State",,
11,Bauchi Mines Office,MMSD State Office,"Bauchi, Bauchi State",,"3rd floor, Federal Sec. Complex, P.M.B 0173, Bauchi, Bauchi State",,
12,Bayelsa Mines Office,MMSD State Office,"Yenagoa, Bayelsa State",,"Otiotio Road, Yenezuegene No. BGIS 692 Yanagoa, Bayelsa State",,
13,Benue Mines Office,MMSD State Office,"Makurdi, Benue State",,"Federal Sec. Complex, Makurdi. Benue State.",,
14,Cross River Mines Office,MMSD State Office,"Calabar, Cross River State",,"Federal Sec. Complex, P.M.B 1060, Calabar. Cross River State.",,
15,Delta Mines Office,MMSD State Office,"Asaba, Delta State",,"Fed. Sec Complex, Okpnama Road, Asaba, Delta State",,
16,Ebonyi Mines Office,MMSD State Office,"Abakaliki, Ebonyi State",,"No. 3, Nwaele Street, GRA By CBN Office, Abakaliki, Ebonyi State.",,
17,Ekiti Mines Office,MMSD State Office,"Ado-Ekiti, Ekiti State",,"Block 11/12, Ayo Fayose Housing Estate, Afao Rd. Ado Ekiti, Ekiti State.",,
18,FCT Mines Office,MMSD State Office,"Abuja, FCT",,"No. 10 Lola Close, Off Luanda Crescent, Behind Ministry of Mines and Steel Dev. Complex, FCT, Abuja",,
19,Gombe Mines Office,MMSD State Office,"Gombe, Gombe State",,Federal Secretariat Biu Rd. (Beside PHCN Pantami undertaking Office) Gombe. Gombe State.,,
20,Imo Mines Office,MMSD State Office,"Owerri, Imo State",,"Federal Sec. Complex, PortHarcourt Express way, Owerri, Imo State.",,
21,Jigawa Mines Office,MMSD State Office,"Dutse, Jigawa State",,"Federal Sec. Complex, Dutse. Jigawa State.",,
22,Kano Mines Office,MMSD State Office,"Kano, Kano State",,No. 2 Zaria Rd. Beside Unity Bank H/Qtrs. Kano. Kano State.,,
23,Katsina Mines Office,MMSD State Office,"Katsina, Katsina State",,Federal Sec. Complex. Katsina. Katsina State.,,
24,Kebbi Mines Office,MMSD State Office,"Birnin Kebbi, Kebbi State",,C/o Kebbi State Ministry of Environment Haliru Audu Secretariat Brinin Kebbi. Kebbi State,,
25,Kogi Mines Office,MMSD State Office,"Lokoja, Kogi State",,"No. 9 Sam Akoji Avenue, Lokongoma, Phase 2 Lokoja, Kogi State",,
26,Kwara Mines Office,MMSD State Office,"Ilorin, Kwara State",,"Federal Secretariat Complex, Fate Rd., Ilorin. Kwara State.",,
27,Lagos Mines Office,MMSD State Office,"Ikeja, Lagos State",,"6th Floor, Glass house, Fed. Min. of Works complex, Moloney Street, Lagos State.",,
28,Nasarawa Mines Office,MMSD State Office,"Lafia, Nasarawa State",,"54, Jos Road, P.M.B .99, Lafia. Nasarawa State",,
29,Niger Mines Office,MMSD State Office,"Minna, Niger State",,"Federal Sec. Complex, P.M.B. 172 Minna. Niger State.",,
30,Ogun Mines Office,MMSD State Office,"Abeokuta, Ogun State",,"4th Floor Room 4.16, Federal Secretariat Complex, Oke-Mosan, Abeokuta, Ogun State",,
31,Ondo Mines Office,MMSD State Office,"Akure, Ondo State",,"Federal Sec. Complex, Igbatoro Rd. Akure, Ondo State.",,
32,Osun Mines Office,MMSD State Office,"Osogbo, Osun State",,"Km 7, New Ikirun Rd., Ota-Efun, Oshogbo. Osun State.",,
33,Rivers Mines Office,MMSD State Office,"Port Harcourt, Rivers State",,"Federal Sec. Complex, Aba Road. Port Harcourt, Rivers State",,
34,Sokoto Mines Office,MMSD State Office,"Sokoto, Sokoto State",,"No. 4 Abdulrahman Alzaid Road, Sokoto, Sokoto State.",,
35,Taraba Mines Office,MMSD State Office,"Jalingo, Taraba State",,"No. 54 Donga Road, Jalingo, Taraba State.",,
36,Yobe Mines Office,MMSD State Office,"Damaturu, Yobe State",,"Federal Sec. Complex, Damaturu. Yobe State",,
37,Zamfara Mines Office,MMSD State Office,"Gusau, Zamfara State",,"Block G2, Commissioner Quarters, Gusau-Sokoto Bypass, Gusau, Zamfara State.",,